{
    "n": 0.05238016242833097,
    "o": 0.0631093937488269,
    "t": 0.04412705986502211,
    "c": 0.023669367405743488,
    " ": 0.15697948107057497,
    "e": 0.06643596294373529,
    "d": 0.024727712630762635,
    "i": 0.04282577816142981,
    "s": 0.039484263435317066,
    "v": 0.030786700286424003,
    "í": 0.018181393358547685,
    "j": 0.011342356082386252,
    "b": 0.016126207167862637,
    "p": 0.023157078203101075,
    "k": 0.030896959854617326,
    ",": 0.008592983569883817,
    "r": 0.04239730459750372,
    "é": 0.008408868868376976,
    "y": 0.013268650431114139,
    "l": 0.03834736730105222,
    "u": 0.02264115189814079,
    "m": 0.022420418926867216,
    "ů": 0.002668649842686351,
    "ž": 0.00497442474611255,
    "a": 0.06122694223425989,
    "ý": 0.005565649569873129,
    ".": 0.012063820671587679,
    "č": 0.006035289213393343,
    "á": 0.013273464579930156,
    "z": 0.013840140394975145,
    "š": 0.00438107111968298,
    "-": 0.005503963932714004,
    "g": 0.012205690572865437,
    "h": 0.018730651176508187,
    "ě": 0.00820638918671496,
    "f": 0.006808128588799737,
    "ř": 0.006701571991706422,
    "(": 0.00286012371001169,
    ")": 0.0026702879706594403,
    "ó": 0.0003902897173086184,
    ":": 0.005706906605091027,
    "ň": 0.0003731714709138455,
    "ú": 0.001138002538880705,
    "?": 0.00015450525200724947,
    "/": 0.0020781591217295626,
    "ď": 0.00011973703586047138,
    "ť": 0.00020841837287448098,
    "q": 0.00021188173434672256,
    "!": 0.001596046412885119
}